{"assets/icons/bookmark.png":["assets/icons/bookmark.png"],"assets/icons/home_3.png":["assets/icons/home_3.png"],"assets/icons/icon_Camera.svg":["assets/icons/icon_Camera.svg"],"assets/icons/ikon.png":["assets/icons/ikon.png"],"assets/icons/user_2.png":["assets/icons/user_2.png"],"packages/cupertino_icons/assets/CupertinoIcons.ttf":["packages/cupertino_icons/assets/CupertinoIcons.ttf"],"packages/eva_icons_flutter/lib/fonts/evaicons.ttf":["packages/eva_icons_flutter/lib/fonts/evaicons.ttf"],"packages/flutter_inappwebview/t_rex_runner/t-rex.css":["packages/flutter_inappwebview/t_rex_runner/t-rex.css"],"packages/flutter_inappwebview/t_rex_runner/t-rex.html":["packages/flutter_inappwebview/t_rex_runner/t-rex.html"],"packages/font_awesome_flutter/lib/fonts/fa-brands-400.ttf":["packages/font_awesome_flutter/lib/fonts/fa-brands-400.ttf"],"packages/font_awesome_flutter/lib/fonts/fa-regular-400.ttf":["packages/font_awesome_flutter/lib/fonts/fa-regular-400.ttf"],"packages/font_awesome_flutter/lib/fonts/fa-solid-900.ttf":["packages/font_awesome_flutter/lib/fonts/fa-solid-900.ttf"],"packages/youtube_player_flutter/assets/speedometer.webp":["packages/youtube_player_flutter/assets/speedometer.webp"]}